,repo_name,watch_count
0,FreeCodeCamp/FreeCodeCamp,90457
1,firehol/netdata,13208
2,joshbuchea/HEAD,13125
3,braydie/HowToBeAProgrammer,12019
4,sindresorhus/awesome,11063
5,tensorflow/tensorflow,10728
6,facebook/react,10458
7,ParsePlatform/parse-server,10339
8,loverajoel/jstips,9585
9,facebook/react-native,9437
10,vhf/free-programming-books,8862
11,vuejs/vue,8822
12,airbnb/javascript,8708
13,caesar0301/awesome-public-datasets,8653
14,twbs/bootstrap,8211
15,toddmotto/public-apis,8182
16,getlantern/lantern,8110
17,DrkSephy/es6-cheatsheet,7967
18,airbnb/caravel,7764
19,googlesamples/android-architecture,7713
20,getify/You-Dont-Know-JS,7650
21,allenwong/30DaysofSwift,7485
22,jgthms/bulma,7387
23,dthree/cash,7309
24,Rochester-NRT/AlphaGo,7200
25,apple/swift,7041
26,robbyrussell/oh-my-zsh,6983
27,github/gitignore,6898
28,facebook/draft-js,6715
29,matryer/bitbar,6384
30,Microsoft/vscode,6272
31,ptmt/react-native-desktop,6186
32,p-e-w/maybe,6127
33,parkjs814/AlgorithmVisualizer,6057
34,hollance/swift-algorithm-club,6012
35,alexjc/neural-doodle,6008
36,fbsamples/f8app,5987
37,nodejs/node,5954
38,jiahaog/nativefier,5836
39,Microsoft/CNTK,5833
40,atom/atom,5826
41,jcjohnson/neural-style,5768
42,tensorflow/models,5629
43,reactjs/redux,5622
44,jlevy/the-art-of-command-line,5603
45,mbostock/d3,5601
46,thejameskyle/the-super-tiny-compiler,5555
47,Microsoft/ChakraCore,5524
48,nylas/N1,5476
49,CRYTEK-CRYENGINE/CRYENGINE,5433
50,petehunt/react-howto,5428
51,VerbalExpressions/JSVerbalExpressions,5374
52,angular/angular.js,5347
53,torvalds/linux,5332
54,google/agera,5319
55,angular/angular,5318
56,atom/electron,5302
57,mxstbr/react-boilerplate,5163
58,kadirahq/react-storybook,5154
59,rg3/youtube-dl,5140
60,daneden/animate.css,5113
61,jbranchaud/til,5105
62,docker/docker,5052
63,shockone/black-screen,5028
64,google/xi-editor,5008
65,electron/electron,4995
66,CatchChat/Yep,4994
67,mhinz/vim-galore,4928
68,ReactiveX/RxJava,4926
69,josephmisiti/awesome-machine-learning,4917
70,weui/weui,4883
71,open-source-society/computer-science,4848
72,FortAwesome/Font-Awesome,4838
73,puikinsh/gentelella,4825
74,webpack/webpack,4812
75,soimort/you-get,4776
76,vinta/awesome-python,4734
77,CosmicMind/Material,4731
78,typicode/json-server,4720
79,aosabook/500lines,4659
80,golang/go,4620
81,0x5e/wechat-deleted-friends,4609
82,dear-github/dear-github,4604
83,nlp-compromise/nlp_compromise,4600
84,lodash/lodash,4596
85,santinic/how2,4582
86,google/material-design-lite,4571
87,callemall/material-ui,4455
88,nvbn/thefuck,4438
89,Dogfalo/materialize,4425
90,johnpapa/angular-styleguide,4403
91,JakeLin/IBAnimatable,4399
92,google/seesaw,4388
93,amzn/alexa-avs-raspberry-pi,4384
94,vsouza/awesome-ios,4346
95,letsencrypt/letsencrypt,4325
96,square/retrofit,4306
97,google/flexbox-layout,4306
98,Nickersoft/push.js,4284
99,vurtun/nuklear,4273
100,jlevy/og-equity-compensation,4257
101,facebook/fbctf,4194
102,gogits/gogs,4174
103,Semantic-Org/Semantic-UI,4145
104,AFNetworking/AFNetworking,4115
105,eliangcs/http-prompt,4102
106,Trinea/android-open-project,4071
107,XX-net/XX-Net,4010
108,chartjs/Chart.js,3995
109,VPenkov/okayNav,3989
110,square/okhttp,3972
111,meteor/meteor,3958
112,cantino/huginn,3947
113,socketio/socket.io,3905
114,Alamofire/Alamofire,3903
115,Microsoft/TypeScript,3879
116,jayphelps/git-blame-someone-else,3855
117,milligram/milligram,3852
118,samshadwell/TrumpScript,3807
119,babel/babel,3783
120,Selz/plyr,3754
121,wasabeef/awesome-android-ui,3694
122,storehouse/Advance,3685
123,aymericdamien/TensorFlow-Examples,3681
124,tripit/slate,3670
125,reverse-shell/routersploit,3670
126,fulldecent/system-bus-radio,3661
127,coryhouse/react-slingshot,3642
128,sahat/hackathon-starter,3634
129,elastic/elasticsearch,3592
130,codepath/android_guides,3583
131,fastlane/fastlane,3582
132,autumnai/leaf,3575
133,resume/resume.github.com,3549
134,google/material-design-icons,3543
135,rethinkdb/horizon,3535
136,gulpjs/gulp,3528
137,akveo/blur-admin,3523
138,phodal/growth-ebook,3513
139,thedillonb/CodeHub,3502
140,typicode/hotel,3496
141,laravel/laravel,3492
142,HelloZeroNet/ZeroNet,3492
143,lukehoban/es6features,3488
144,chinchang/hint.css,3465
145,racaljk/hosts,3456
146,driftyco/ionic,3404
147,callmecavs/bricks.js,3398
148,roughike/BottomBar,3383
149,HunterLarco/voxel.css,3374
150,IBM-Swift/Kitura,3370
151,usablica/intro.js,3361
152,mjmlio/mjml,3353
153,geeeeeeeeek/electronic-wechat,3351
154,langhua9527/BlackheartedHospital,3351
155,hakimel/reveal.js,3325
156,creationix/nvm,3320
157,Ramotion/folding-cell,3285
158,jquery/jquery,3247
159,StevenBlack/hosts,3221
160,BVLC/caffe,3218
161,erikras/react-redux-universal-hot-example,3216
162,mrdoob/three.js,3213
163,rails/rails,3195
164,jekyll/jekyll,3189
165,adam-p/markdown-here,3168
166,Yalantis/uCrop,3167
167,Kickball/awesome-selfhosted,3157
168,PerfectlySoft/Perfect,3155
169,decosoftware/deco-ide,3153
170,airbnb/enzyme,3138
171,brave/browser-laptop,3129
172,keithwhor/nodal,3128
173,mholt/caddy,3122
174,kubernetes/kubernetes,3117
175,kriasoft/react-starter-kit,3116
176,pyupio/statuspage,3115
177,google/guava,3103
178,NARKOZ/hacker-scripts,3102
179,schollz/find,3079
180,ecomfe/echarts,3061
181,Freelander/Android_Data,3056
182,yangyangwithgnu/hardseed,3045
183,ericelliott/essential-javascript-links,3041
184,ansible/ansible,3038
185,buunguyen/octotree,3036
186,mortenjust/cleartext-mac,3031
187,futurice/android-best-practices,3031
188,JakeWharton/butterknife,3026
189,scikit-learn/scikit-learn,3023
190,tensorflow/playground,3021
191,dkhamsing/open-source-ios-apps,3017
192,Jam3/devtool,3007
193,ReactiveX/RxAndroid,3000
194,expressjs/express,2979
195,PhilJay/MPAndroidChart,2977
196,reactjs/react-router,2976
197,FezVrasta/popper.js,2976
198,hexojs/hexo,2970
199,facebook/immutable-js,2963
200,avelino/awesome-go,2961
201,x64dbg/x64dbg,2955
202,syl20bnr/spacemacs,2949
203,fchollet/keras,2943
204,feathersjs/feathers,2942
205,scrapy/scrapy,2938
206,serverless/serverless,2934
207,hiloteam/Hilo,2916
208,Reactive-Extensions/RxJS,2916
209,necolas/normalize.css,2916
210,django/django,2906
211,danielquinn/paperless,2901
212,donnemartin/gitsome,2899
213,jondot/awesome-react-native,2893
214,TMCoding/Plantation,2890
215,tflearn/tflearn,2886
216,ibireme/YYKit,2882
217,matteocrippa/awesome-swift,2868
218,andlabs/libui,2865
219,bevacqua/dragula,2851
220,amznlabs/amazon-dsstne,2844
221,apex/apex,2834
222,jkbrzt/httpie,2830
223,jtoy/awesome-tensorflow,2830
224,relax/relax,2828
225,viljamis/feature.js,2821
226,google/EarlGrey,2818
227,google/protobuf,2816
228,feross/webtorrent,2809
229,enaqx/awesome-react,2809
230,developit/preact,2797
231,almasaeed2010/AdminLTE,2795
232,thejameskyle/spectacle-code-slide,2779
233,h5bp/Front-end-Developer-Interview-Questions,2777
234,tldr-pages/tldr,2767
235,pavelgonchar/colornet,2759
236,bang590/JSPatch,2757
237,bumptech/glide,2747
238,redox-os/redox,2745
239,luin/medis,2736
240,egorsmkv/google-spaces,2726
241,spf13/hugo,2726
242,github/fetch,2724
243,kennethreitz/requests,2716
244,facebook/redex,2697
245,greenrobot/EventBus,2693
246,SnapKit/Masonry,2688
247,davezuko/react-redux-starter-kit,2686
248,sindresorhus/ava,2681
249,rethinkdb/rethinkdb,2673
250,nwjs/nw.js,2670
251,neovim/neovim,2669
252,gsdios/SDAutoLayout,2660
253,kazzkiq/balloon.css,2655
254,cisco/ChezScheme,2655
255,rust-lang/rust,2649
256,kyleneideck/BackgroundMusic,2639
257,iluwatar/java-design-patterns,2635
258,grafana/grafana,2634
259,alvarotrigo/fullPage.js,2632
260,snare/voltron,2630
261,jonsuh/hamburgers,2627
262,angular/material2,2627
263,ampproject/amphtml,2627
264,CoderMJLee/MJRefresh,2625
265,JetBrains/kotlin,2619
266,danielzeller/Depth-LIB-Android-,2617
267,markerikson/react-redux-links,2617
268,ssloy/tinyrenderer,2610
269,square/leakcanary,2603
270,picturepan2/spectre,2595
271,moment/moment,2594
272,ReactiveX/RxSwift,2580
273,rs/SDWebImage,2578
274,denysdovhan/bash-handbook,2577
275,0xAX/linux-insides,2574
276,koajs/koa,2566
277,petehunt/webpack-howto,2560
278,isocpp/CppCoreGuidelines,2560
279,ipader/SwiftGuide,2559
280,postcss/postcss,2554
281,SwiftyJSON/SwiftyJSON,2553
282,yabwe/medium-editor,2551
283,justjavac/free-programming-books-zh_CN,2542
284,sindresorhus/awesome-nodejs,2534
285,relatedcode/ParseAlternatives,2519
286,antirez/redis,2516
287,rackt/redux,2508
288,Bilibili/ijkplayer,2502
289,awentzonline/image-analogies,2495
290,steshaw/plt,2492
291,sindresorhus/awesome-electron,2480
292,ReactiveCocoa/ReactiveCocoa,2478
293,xgrommx/awesome-redux,2471
294,qutheory/vapor,2466
295,vuejs/awesome-vue,2443
296,feross/standard,2440
297,dylang/npm-check,2438
298,openai/gym,2437
299,so-fancy/diff-so-fancy,2433
300,Unitech/pm2,2426
301,mzabriskie/axios,2424
302,yelouafi/redux-saga,2423
303,h5bp/html5-boilerplate,2416
304,ZhyTeam/ZhyCore,2413
305,IonicaBizau/scrape-it,2408
306,caolan/async,2405
307,MarshallOfSound/Google-Play-Music-Desktop-Player-UNOFFICIAL-,2404
308,baidu-research/warp-ctc,2401
309,stevemao/diff-so-fancy,2394
310,vasanthk/js-bits,2389
311,DreaminginCodeZH/Douya,2380
312,nvdv/vprof,2377
313,fouber/blog,2370
314,shekhargulati/52-technologies-in-2016,2369
315,hacksalot/HackMyResume,2363
316,antelle/keeweb,2356
317,RocketChat/Rocket.Chat,2354
318,timothycrosley/hug,2349
319,Croteam-official/Serious-Engine,2349
320,ryanoasis/nerd-fonts,2340
321,apple/swift-evolution,2330
322,apache/spark,2321
323,jianliaoim/talk-os,2314
324,itsabot/abot,2314
325,Homebrew/homebrew,2309
326,android10/Android-CleanArchitecture,2298
327,Microsoft/BotBuilder,2298
328,rishabhp/bideo.js,2292
329,Hashnode/mern-starter,2286
330,kennethreitz/records,2285
331,alex/what-happens-when,2282
332,vim/vim,2281
333,pkmital/tensorflow_tutorials,2274
334,legomushroom/mojs,2274
335,Itseez/opencv,2269
336,BradLarson/GPUImage2,2269
337,github/scientist,2268
338,git/git,2265
339,dhamaniasad/awesome-postgres,2261
340,tesseract-ocr/tesseract,2253
341,madmalik/mononoki,2234
342,bartobri/no-more-secrets,2228
343,chubin/wttr.in,2224
344,minimaxir/big-list-of-naughty-strings,2218
345,tastejs/todomvc,2216
346,dthree/vorpal,2210
347,johnno1962/injectionforxcode,2199
348,mattkrick/meatier,2198
349,facebook/fresco,2196
350,rollup/rollup,2196
351,TeamStuQ/skill-map,2193
352,astaxie/build-web-application-with-golang,2189
353,amontalenti/elements-of-python-style,2189
354,ant-design/ant-design,2183
355,ruanyf/react-demos,2167
356,google/gson,2157
357,searchkit/searchkit,2157
358,numbbbbb/the-swift-programming-language-in-chinese,2154
359,mattermost/platform,2150
360,nlf/dlite,2148
361,FezVrasta/bootstrap-material-design,2145
362,wardowsmcc/badass,2133
363,dutchcoders/transfer.sh,2126
364,realm/realm-cocoa,2124
365,AngularClass/angular2-webpack-starter,2116
366,electronicarts/EASTL,2108
367,gaearon/redux-devtools,2101
368,ariya/phantomjs,2100
369,shadowsocks/shadowsocks,2098
370,zxing/zxing,2086
371,mitsuhiko/flask,2080
372,SnapKit/SnapKit,2066
373,micro/micro,2062
374,angular/material,2061
375,larrynatalicio/15DaysofAnimationsinSwift,2059
376,kenwheeler/slick,2056
377,garbles/why-did-you-update,2051
378,collinhundley/Swift-AI,2048
379,TryGhost/Ghost,2045
380,petkaantonov/bluebird,2043
381,Soundnode/soundnode-app,2039
382,necolt/Swifton,2017
383,zyedidia/micro,2015
384,facebook/flux,2009
385,spring-projects/spring-boot,2004
386,nostra13/Android-Universal-Image-Loader,2002
387,iissnan/hexo-theme-next,1993
388,realm/realm-java,1987
389,zenorocha/clipboard.js,1985
390,gongjianhui/AppleDNS,1984
391,donnemartin/data-science-ipython-notebooks,1984
392,1000ch/grd,1983
393,gaearon/react-makes-you-sad,1982
394,discourse/discourse,1982
395,UnivaqTelegramBot/UnivaqInformaticaBot,1977
396,request/request,1974
397,square/picasso,1973
398,chenglou/react-motion,1970
399,wsargent/docker-cheat-sheet,1970
400,copy/v86,1965
401,karan/Projects,1960
402,spring-projects/spring-framework,1955
403,syncthing/syncthing,1953
404,Kinto/kinto,1951
405,equinusocio/material-theme,1951
406,donnemartin/haxor-news,1947
407,ademilter/bricklayer,1944
408,balderdashy/sails,1943
409,AllThingsSmitty/css-protips,1940
410,AutumnsWind/Front-end-tutorial,1940
411,hirak/prestissimo,1937
412,cdmedia/cms.js,1926
413,Cleveroad/slidingtutorial-android,1926
414,lgvalle/Material-Animations,1923
415,dmlc/mxnet,1912
416,dypsilon/frontend-dev-bookmarks,1912
417,google/iosched,1911
418,veltman/clmystery,1905
419,aphyr/distsys-class,1902
420,amperser/proselint,1893
421,fisherman/fisherman,1892
422,bvaughn/react-virtualized,1888
423,IanLunn/Hover,1872
424,ryanflorence/react-project,1870
425,gin-gonic/gin,1867
426,NativeScript/NativeScript,1867
427,google/styleguide,1866
428,facebook/pop,1866
429,blueimp/jQuery-File-Upload,1861
430,dustturtle/RealReachability,1858
431,Vedenin/useful-java-links,1853
432,jpmens/jo,1851
433,tj/frontend-boilerplate,1846
434,mobxjs/mobx,1843
435,labstack/echo,1842
436,VincentGarreau/particles.js,1838
437,react-bootstrap/react-bootstrap,1838
438,Mashape/kong,1837
439,twitter/distributedlog,1835
440,angular-ui/ui-router,1833
441,dbohdan/structured-text-tools,1833
442,google/web-starter-kit,1830
443,Leo-G/DevopsWiki,1829
444,geeeeeeeeek/WeChatLuckyMoney,1826
445,sindresorhus/awesome-npm,1824
446,ipfs/ipfs,1822
447,php-pm/php-pm,1812
448,fogleman/ln,1809
449,programthink/zhao,1809
450,open-power-workgroup/Hospital,1806
451,appetizermonster/hain,1805
452,s4cha/Stevia,1805
453,jashkenas/underscore,1804
454,zurb/foundation-sites,1804
455,nnnick/Chart.js,1802
456,gorhill/uBlock,1799
457,humaan/Modaal,1799
458,kamranahmedse/git-standup,1797
459,cjcenizal/flexbox-patterns,1796
460,xitu/gold-miner,1793
461,go-kit/kit,1793
462,eastlakeside/interpy-zh,1791
463,JacksonTian/fks,1788
464,tonsky/FiraCode,1776
465,jdg/MBProgressHUD,1767
466,fengyuanchen/viewerjs,1764
467,tannernelson/vapor,1763
468,ty4z2008/Qix,1761
469,scala-native/scala-native,1760
470,matejlatin/Gutenberg,1759
471,VundleVim/Vundle.vim,1758
472,ziadoz/awesome-php,1756
473,twitter/heron,1755
474,adobe/brackets,1753
475,future-architect/vuls,1753
476,Valloric/YouCompleteMe,1752
477,Polymer/polymer,1751
478,jobbole/awesome-python-cn,1751
479,DevLight-Mobile-Agency/NavigationTabBar,1746
480,BradLarson/GPUImage,1743
481,pinterest/teletraan,1743
482,kenwheeler/cash,1742
483,SFTtech/openage,1739
484,ele828/react-native-guide,1738
485,schachmat/wego,1737
486,pengjianbo/GalleryFinal,1733
487,delba/Permission,1732
488,keystonejs/keystone,1731
489,Fuck-You-GFW/p2pspider,1725
490,futurice/pepperoni-app-kit,1722
491,visionmedia/superagent,1721
492,google/leveldb,1721
493,mikepenz/MaterialDrawer,1713
494,select2/select2,1707
495,nolimits4web/Swiper,1704
496,papers-we-love/papers-we-love,1702
497,LittleFriendsGroup/AndroidSdkSourceAnalysis,1700
498,akullpp/awesome-java,1698
499,MengTo/Spring,1694
500,containous/traefik,1692
501,facebook/FBMemoryProfiler,1690
502,KnuffApp/Knuff,1688
503,DefinitelyTyped/DefinitelyTyped,1688
504,alexazhou/VeryNginx,1687
505,calebmer/postgraphql,1683
506,Thibaut/devdocs,1682
507,andris9/mailtrain,1678
508,cheeriojs/cheerio,1677
509,alsotang/node-lessons,1676
510,ujjwalkarn/DataSciencePython,1675
511,Ramotion/folding-cell-android,1675
512,ejci/favico.js,1674
513,thejameskyle/babel-handbook,1673
514,d1sm/finalspeed,1669
515,jsvine/waybackpack,1666
516,junegunn/fzf,1666
517,wekan/wekan,1664
518,gaearon/normalizr,1664
519,dcloudio/mui,1663
520,alexhultman/uWebSockets,1661
521,alibaba/fastjson,1660
522,marcuswestin/WebViewJavascriptBridge,1657
523,afollestad/material-dialogs,1656
524,onevcat/Kingfisher,1655
525,jezen/is-thirteen,1651
526,bayandin/awesome-awesomeness,1650
527,yenchenlin1994/DeepLearningFlappyBird,1649
528,prakhar1989/awesome-courses,1648
529,impress/impress.js,1640
530,phoenixframework/phoenix,1639
531,danielgindi/ios-charts,1637
532,ParsePlatform/parse-dashboard,1637
533,Leaflet/Leaflet,1636
534,astaxie/beego,1635
535,chjj/marked,1634
536,AriaFallah/WebpackTutorial,1631
537,airyland/vux,1626
538,delba/TextAttributes,1626
539,skellock/reactotron,1626
540,BYVoid/Batsh,1617
541,nvie/gitflow,1614
542,pallets/flask,1613
543,postcss/autoprefixer,1611
544,alibaba/dubbo,1608
545,npm/npm,1608
546,Karumi/Rosie,1606
547,liaohuqiu/android-Ultra-Pull-To-Refresh,1606
548,garnele007/SwiftOCR,1605
549,kesenhoo/android-training-course-in-chinese,1603
550,angular-ui/bootstrap,1600
551,elixir-lang/elixir,1599
552,GitbookIO/gitbook,1598
553,martanne/vis,1598
554,sublimehq/Packages,1598
555,oneuijs/You-Dont-Need-jQuery,1597
556,ironmaniiith/Github-profile-name-writer,1596
557,forkingdog/UITableView-FDTemplateLayoutCell,1596
558,google/fonts,1594
559,dhg/Skeleton,1594
560,coreos/etcd,1593
561,cmusatyalab/openface,1592
562,facebook/AsyncDisplayKit,1591
563,photonstorm/phaser,1590
564,OpenEmu/OpenEmu,1585
565,servo/servo,1583
566,howdyai/botkit,1578
567,johang/btfs,1566
568,jashkenas/backbone,1562
569,chentsulin/electron-react-boilerplate,1562
570,giacomocerquone/angular2-mean-starter,1561
571,wequick/Small,1560
572,git-up/GitUp,1559
573,videojs/video.js,1559
574,hackiftekhar/IQKeyboardManager,1558
575,jessesquires/JSQMessagesViewController,1558
576,renzifeng/ZFPlayer,1558
577,mitchellh/vagrant,1558
578,systemjs/systemjs,1554
579,MagicStack/uvloop,1552
580,chrisbanes/PhotoView,1549
581,alcatraz/Alcatraz,1548
582,hsavit1/Awesome-Swift-Education,1548
583,CoderMJLee/MJExtension,1547
584,jakiestfu/himawari.js,1545
585,xiekw2010/react-native-gitfeed,1545
586,marmelroy/PeekPop,1544
587,Carthage/Carthage,1539
588,sdc-alibaba/SUI-Mobile,1532
589,android-cjj/JJSearchViewAnim,1531
590,CymChad/BaseRecyclerViewAdapterHelper,1530
591,JedWatson/react-select,1530
592,googlei18n/libphonenumber,1527
593,weibocom/motan,1525
594,mozilla/pdf.js,1522
595,dzenbot/DZNEmptyDataSet,1517
596,riot/riot,1516
597,Ramotion/circle-menu,1515
598,css-modules/css-modules,1513
599,spf13/spf13-vim,1511
600,facebook/flow,1511
601,ageitgey/amplify,1511
602,Netflix/Hystrix,1505
603,atConf/atswift-2016-resources,1504
604,redspread/spread,1502
605,zquestz/s,1502
606,LukyVj/family.scss,1502
607,overtrue/wechat,1499
608,reactjs/react-basic,1499
609,phanan/koel,1497
610,bboyfeiyu/android-tech-frontier,1496
611,eslint/eslint,1494
612,angular/angular-cli,1492
613,hongyangAndroid/okhttp-utils,1492
614,substance/substance,1488
615,moduth/blockcanary,1483
616,taobaofed/react-web,1481
617,erikras/redux-form,1478
618,saiprashanths/dl-setup,1474
619,hyperoslo/Hue,1472
620,dleitee/strman,1470
621,jakarmy/swift-summary,1470
622,facebook/FBRetainCycleDetector,1469
623,ruanyf/es6tutorial,1466
624,powerline/fonts,1463
625,xcc3641/SeeWeather,1462
626,ChenYilong/iOSInterviewQuestions,1462
627,kaushikgopal/RxJava-Android-Samples,1454
628,dmlc/xgboost,1452
629,shadowsocks/shadowsocks-android,1451
630,10up/flexibility,1450
631,Modernizr/Modernizr,1450
632,ccgus/fmdb,1449
633,sequelize/sequelize,1445
634,aurelia/framework,1443
635,ChromeDevTools/awesome-chrome-devtools,1443
636,getguesstimate/guesstimate-app,1442
637,ReactjsProgram/React-Fundamentals,1441
638,google/android-classyshark,1440
639,rstacruz/pnpm,1440
640,OAI/OpenAPI-Specification,1437
641,DKirwan/calendar-heatmap,1437
642,mrzool/bash-sensible,1436
643,robbiehanson/CocoaAsyncSocket,1435
644,DianQK/TransitionTreasury,1435
645,opentoonz/opentoonz,1434
646,jobbole/awesome-java-cn,1433
647,mochajs/mocha,1432
648,bcit-ci/CodeIgniter,1431
649,zeithq/micro,1431
650,eladnava/mailgen,1430
651,domnikl/DesignPatternsPHP,1428
652,t4t5/sweetalert,1428
653,mist64/xhyve,1428
654,libgdx/libgdx,1428
655,deepstreamIO/deepstream.io,1427
656,reactjs/react-router-redux,1427
657,ReSwift/ReSwift,1426
658,wyouflf/xUtils3,1423
659,Aufree/trip-to-iOS,1420
660,gabrielrcouto/php-gui,1420
661,sqren/fb-sleep-stats,1416
662,dennis714/RE-for-beginners,1416
663,daimajia/AndroidSwipeLayout,1416
664,hzlzh/Best-App,1414
665,geekcompany/ResumeSample,1412
666,segmentio/nightmare,1411
667,matthew-andrews/isomorphic-fetch,1406
668,Ramotion/animated-tab-bar,1405
669,strongloop/loopback,1405
670,pagekit/pagekit,1404
671,prometheus/prometheus,1397
672,google/dagger,1397
673,iCHAIT/awesome-osx,1397
674,reactjs/react-redux,1397
675,Homebrew/brew,1393
676,akshayKMR/hogwatch,1391
677,yahoo/pure,1390
678,cmderdev/cmder,1389
679,pixijs/pixi.js,1389
680,JoelOtter/kajero,1388
681,chassing/linux-sysadmin-interview-questions,1387
682,Nightonke/WoWoViewPager,1387
683,gaearon/redux-thunk,1385
684,ggreer/the_silver_searcher,1384
685,wg/wrk,1383
686,fastos/tcpdive,1383
687,artf/grapesjs,1381
688,ramda/ramda,1379
689,ReactjsProgram/react-fundamentals-curriculum,1378
690,satoshiiizuka/siggraph2016_colorization,1378
691,tastejs/awesome-app-ideas,1378
692,nnupoor/js_designpatterns,1377
693,fivethirtyeight/data,1376
694,getgrav/grav,1376
695,nickbutcher/plaid,1375
696,realpython/discover-flask,1375
697,antontarasenko/smq,1372
698,onmyway133/fantastic-ios-animation,1372
699,h4cc/awesome-elixir,1370
700,Tim9Liu9/TimLiu-iOS,1370
701,kriskowal/q,1369
702,timjacobi/angular2-education,1369
703,RubaXa/Sortable,1368
704,facebook/stetho,1364
705,TencentOpen/GT,1361
706,dimsemenov/PhotoSwipe,1359
707,eclipse/che,1358
708,gaearon/react-hot-loader,1357
709,junegunn/vim-plug,1354
710,CleverbotIO/node-cleverbot.io,1353
711,koalaman/shellcheck,1353
712,romannurik/MaterialColorsApp,1353
713,rabbitmq/internals,1351
714,mshang/python-elevator-challenge,1351
715,Yelp/elastalert,1351
716,amix/vimrc,1349
717,uber-common/cpustat,1349
718,remy/nodemon,1348
719,facebook/reason,1348
720,magicalpanda/MagicalRecord,1346
721,julianshapiro/velocity,1345
722,js-cookie/js-cookie,1345
723,maxwellito/vivus,1345
724,ipython/ipython,1344
725,Automattic/mongoose,1342
726,Marak/faker.js,1338
727,thx/RAP,1337
728,Nightonke/BoomMenu,1336
729,tj/git-extras,1336
730,citusdata/citus,1334
731,YouXianMing/YoCelsius,1334
732,grpc/grpc,1334
733,nolimits4web/Framework7,1333
734,ben174/git-draw,1332
735,ruanyf/webpack-demos,1332
736,jlmakes/scrollreveal.js,1330
737,veggiemonk/awesome-docker,1329
738,Ramotion/navigation-stack,1329
739,ftlabs/fastclick,1327
740,bartonhammond/snowflake,1326
741,hashicorp/consul,1325
742,cht8687/You-Dont-Need-Lodash-Underscore,1324
743,jobbole/awesome-ios-cn,1323
744,angular/angular-seed,1322
745,horst3180/arc-theme,1322
746,raywenderlich/swift-style-guide,1322
747,sqlmapproject/sqlmap,1321
748,SeleniumHQ/selenium,1320
749,lingochamp/FileDownloader,1320
750,sorrycc/awesome-javascript,1320
751,onevcat/VVDocumenter-Xcode,1312
752,buger/gor,1311
753,herrbischoff/awesome-osx-command-line,1310
754,feross/webtorrent-desktop,1310
755,google/ion,1310
756,vuejs/vuex,1309
757,symfony/symfony,1309
758,philipwalton/flexbugs,1306
759,SVProgressHUD/SVProgressHUD,1306
760,ruby/ruby,1306
761,fffaraz/awesome-cpp,1304
762,danielgindi/Charts,1301
763,mathiasbynens/dotfiles,1299
764,bitcoin/bitcoin,1299
765,jp9000/obs-studio,1299
766,mgechev/angular2-style-guide,1298
767,phodal/growth,1298
768,gsdios/GSD_WeiXin,1297
769,torch/torch7,1297
770,Theano/Theano,1297
771,SamyPesse/How-to-Make-a-Computer-Operating-System,1296
772,google/googletest,1295
773,PHPMailer/PHPMailer,1294
774,dotnet/roslyn,1294
775,Wox-launcher/Wox,1294
776,Ramotion/paper-onboarding,1293
777,byoutline/kickmaterial,1292
778,facebook/relay,1291
779,lzyzsd/Awesome-RxJava,1290
780,sgaurav/understanding-es6,1290
781,mgechev/angular2-seed,1288
782,hemanth/functional-programming-jargon,1288
783,shadowsocks/shadowsocks-windows,1286
784,kristoferjoseph/flexboxgrid,1286
785,rackt/react-router,1286
786,mathieudutour/git-sketch-plugin,1285
787,lukas2511/letsencrypt.sh,1284
788,dokku/dokku,1282
789,ViccAlexander/Chameleon,1281
790,realm/SwiftLint,1280
791,plataformatec/devise,1279
792,jxnblk/rebass,1278
793,google/ExoPlayer,1277
794,MoZhouqi/KMNavigationBarTransition,1276
795,hashicorp/terraform,1275
796,Hearst-DD/ObjectMapper,1275
797,hammerjs/hammer.js,1271
798,netty/netty,1271
799,FlexMonkey/Filterpedia,1270
800,Microsoft/vscode-go,1268
801,faif/python-patterns,1268
802,nicklockwood/iCarousel,1267
803,tj/co,1265
804,alex-sherman/deco,1264
805,kevinzhow/PNChart,1263
806,babun/babun,1263
807,FFmpeg/FFmpeg,1261
808,getsentry/sentry,1260
809,kataras/iris,1260
810,yukiasai/Gecco,1260
811,antoniolg/androidmvp,1260
812,iammert/MaterialIntroView,1259
813,jflesch/paperwork,1257
814,Netflix/falcor,1255
815,swagger-api/swagger-ui,1251
816,SaschaWillems/Vulkan,1250
817,emberjs/ember.js,1247
818,laobie/StatusBarUtil,1245
819,srdja/Collections-C,1243
820,jaredhanson/passport,1243
821,rancher/rancher,1242
822,fzaninotto/Faker,1242
823,alebcay/awesome-shell,1241
824,tornadoweb/tornado,1241
825,phodal/ideabook,1238
826,markyun/My-blog,1238
827,node-inspector/node-inspector,1236
828,google/WebFundamentals,1230
829,libuv/libuv,1230
830,JedWatson/classnames,1230
831,influxdata/influxdb,1229
832,aksonov/react-native-router-flux,1229
833,yiisoft/yii2,1229
834,danylovolokh/VideoPlayerManager,1227
835,Ramotion/expanding-collection,1227
836,tiimgreen/github-cheat-sheet,1227
837,Masterminds/glide,1225
838,carekit-apple/CareKit,1225
839,HubSpot/pace,1225
840,ocornut/imgui,1223
841,wasabeef/recyclerview-animators,1223
842,gitlabhq/gitlabhq,1223
843,JakeWharton/RxBinding,1222
844,gaearon/react-hot-boilerplate,1222
845,mobileplayer/mobileplayer-ios,1220
846,mmin18/FlexLayout,1218
847,claudiajs/claudia,1215
848,alibaba/AndFix,1215
849,futurice/ios-good-practices,1215
850,danialfarid/ng-file-upload,1214
851,YouXianMing/Animations,1213
852,MostlyAdequate/mostly-adequate-guide,1213
853,cocos2d/cocos2d-x,1212
854,Flipboard/react-canvas,1212
855,lapwinglabs/x-ray,1211
856,github/hubot,1210
857,esp8266/Arduino,1208
858,sideshow/apns2,1207
859,github/swift-style-guide,1204
860,deeplearning4j/deeplearning4j,1204
861,sohutv/cachecloud,1203
862,devbridge/Styleguide,1202
863,RPISEC/Malware,1198
864,jmcarp/robobrowser,1197
865,reactjs/reselect,1195
866,tsenart/vegeta,1194
867,dotnet/corefx,1193
868,uutils/coreutils,1192
869,google/flatbuffers,1192
870,kahun/awesome-sysadmin,1190
871,isagalaev/highlight.js,1190
872,jenkinsci/jenkins,1188
873,druid-io/druid,1186
874,reactjs/react-router-tutorial,1186
875,gophish/gophish,1184
876,dingo/api,1182
877,defunkt/jquery-pjax,1181
878,breakwa11/shadowsocks-rss,1181
879,v8/v8,1181
880,aframevr/aframe,1180
881,marmelab/universal.css,1180
882,gsdios/SDCycleScrollView,1180
883,BrowserSync/browser-sync,1179
884,amayne/SwiftString,1178
885,javve/list.js,1177
886,cockroachdb/cockroach,1176
887,hyperledger/hyperledger,1176
888,ibireme/YYText,1176
889,bbatsov/ruby-style-guide,1175
890,cymcsg/UltimateRecyclerView,1175
891,FormidableLabs/radium,1175
892,oblador/react-native-vector-icons,1175
893,mwaterfall/MWPhotoBrowser,1174
894,sorin-ionescu/prezto,1173
895,facebook/nuclide,1173
896,codemirror/CodeMirror,1171
897,greenrobot/greenDAO,1170
898,antirez/disque,1169
899,draft-js-plugins/draft-js-plugins,1169
900,TheMozg/awk-raycaster,1167
901,Jacksgong/JKeyboardPanelSwitch,1167
902,adobe-fonts/source-code-pro,1165
903,typings/typings,1164
904,justmarkham/DAT8,1162
905,Junnplus/awesome-python-books,1162
906,composer/composer,1162
907,apple/swift-package-manager,1160
908,twitter/typeahead.js,1159
909,PHPOffice/PHPExcel,1157
910,evancz/elm-architecture-tutorial,1154
911,cemoody/lda2vec,1153
912,necolas/react-native-web,1152
913,jhipster/generator-jhipster,1152
914,JohnCoates/Aerial,1151
915,flschweiger/SwipeStack,1151
916,cjwirth/awesome-ios-ui,1150
917,rwaldron/johnny-five,1150
918,drone/drone,1150
919,iron-io/dockers,1148
920,PaulSec/awesome-sec-talks,1147
921,tidwall/tile38,1147
922,lkzhao/ElasticTransition,1147
923,CocoaPods/CocoaPods,1144
924,xmartlabs/Eureka,1143
925,nothings/stb,1143
926,jwilder/nginx-proxy,1143
927,dongjunkun/DropDownMenu,1142
928,PaoloRotolo/AppIntro,1142
929,hdodenhof/CircleImageView,1140
930,dxa4481/Pastejacking,1140
931,nakiostudio/EasyPeasy,1139
932,dinuscxj/LoadingDrawable,1139
933,diafygi/gethttpsforfree,1137
934,bignerdranch/Freddy,1137
935,linnovate/mean,1137
936,excilys/androidannotations,1137
937,karpathy/convnetjs,1136
938,brownhci/WebGazer,1135
939,facebook/folly,1132
940,zhengwenming/WMPlayer,1131
941,500px/greedo-layout-for-android,1131
942,Automattic/wp-calypso,1129
943,PlusHaze/TrayNotification,1129
944,godotengine/godot,1129
945,fxsjy/jieba,1129
946,yamartino/pressure,1129
947,zalmoxisus/redux-devtools-extension,1128
948,gabrielrcouto/php-terminal-gameboy-emulator,1127
949,mxcl/PromiseKit,1126
950,ochococo/Design-Patterns-In-Swift,1125
951,jisungk/deepjazz,1125
952,markdown-it/markdown-it,1123
953,hongyangAndroid/AndroidAutoLayout,1121
954,php/php-src,1121
955,Matt-Esch/virtual-dom,1121
956,zaqqaz/ng-rest-api,1119
957,gaearon/react-transform-boilerplate,1118
958,ksoichiro/Android-ObservableScrollView,1117
959,hilen/TSWeChat,1116
960,pedrovgs/EffectiveAndroidUI,1114
961,drduh/OS-X-Security-and-Privacy-Guide,1114
962,tc39/ecma262,1113
963,DylanPiercey/auto-sni,1113
964,madrobby/zepto,1112
965,themattrix/bash-concurrent,1112
966,tensorflow/skflow,1109
967,connors/photon,1109
968,defaultnamehere/zzzzz,1109
969,romannurik/AndroidAssetStudio,1109
970,yyuu/pyenv,1108
971,mogujie/TeamTalk,1107
972,Ramotion/reel-search,1106
973,easychen/howto-make-more-money,1106
974,mongodb/mongo,1105
975,tobiasahlin/SpinKit,1105
976,facebook/wangle,1104
977,shakacode/react_on_rails,1103
978,Skyscanner/SkyFloatingLabelTextField,1101
979,GoogleChrome/lighthouse,1100
980,chrisbanes/cheesesquare,1100
981,driftyco/ionicons,1100
982,sqlitebrowser/sqlitebrowser,1100
983,Thomas101/wmail,1099
984,Draveness/iOS-Source-Code-Analyze,1098
985,substack/stream-handbook,1097
986,renaudcerrato/FloatingSearchView,1095
987,convox/rack,1095
988,banchichen/TZImagePickerController,1095
989,trailsjs/trails,1095
990,airbnb/airflow,1094
991,hyperoslo/Whisper,1092
992,Moya/Moya,1091
993,requery/requery,1090
994,Gazler/githug,1088
995,sahat/satellizer,1087
996,HubSpot/youmightnotneedjquery,1086
997,felixge/node-mysql,1084
998,xufei/blog,1084
999,rstacruz/nprogress,1083
1000,bartblaze/PHP-backdoors,1082
1001,philipwalton/solved-by-flexbox,1081
1002,ajaxorg/ace,1081
1003,whyrusleeping/gx,1081
1004,jasmine/jasmine,1080
1005,jgm/pandoc,1080
1006,bytedeco/javacpp,1078
1007,gavindinubilo/jam-api,1077
1008,boltdb/bolt,1071
1009,enyo/dropzone,1071
1010,Attendize/Attendize,1069
1011,slackhq/SlackTextViewController,1069
1012,tqdm/tqdm,1069
1013,leichunfeng/MVVMReactiveCocoa,1067
1014,loopj/android-async-http,1066
1015,traverseda/pycraft,1066
1016,kripken/emscripten,1066
1017,begriffs/postgrest,1065
1018,kennethreitz/python-guide,1063
1019,PredictionIO/PredictionIO,1063
1020,sass/sass,1062
1021,fish-shell/fish-shell,1062
1022,amfe/article,1060
1023,kragniz/json-sempai,1060
1024,navasmdc/MaterialDesignLibrary,1060
1025,daimajia/AndroidViewAnimations,1059
1026,Mantle/Mantle,1059
1027,Prinzhorn/skrollr,1059
1028,jikexueyuanwiki/tensorflow-zh,1057
1029,reek/anti-adblock-killer,1056
1030,inferjay/AndroidDevTools,1056
1031,tj/luna,1056
1032,googlesamples/android-UniversalMusicPlayer,1056
1033,andersevenrud/OS.js-v2,1055
1034,amazeui/amazeui,1055
1035,vim-airline/vim-airline,1054
1036,bluelinelabs/Conductor,1053
1037,inconshreveable/ngrok,1052
1038,googleanalytics/autotrack,1051
1039,telegramdesktop/tdesktop,1051
1040,BearishSun/BansheeEngine,1050
1041,javierbyte/visual-center,1050
1042,zachlatta/sshtron,1050
1043,eczarny/spectacle,1049
1044,spotify/SPTPersistentCache,1047
1045,karpathy/char-rnn,1047
1046,FelisCatus/SwitchyOmega,1046
1047,lorentey/BTree,1045
1048,desandro/masonry,1044
1049,darknessomi/musicbox,1044
1050,kjw0612/awesome-deep-vision,1044
1051,wenmingvs/AndroidProcess,1043
1052,baidu-ife/ife,1043
1053,StackExchange/dapper-dot-net,1042
1054,lukasz-madon/awesome-remote-job,1041
1055,Yelp/dumb-init,1041
1056,kiteco/plugins,1040
1057,taizilongxu/interview_python,1040
1058,gfwlist/gfwlist,1038
1059,scala/scala,1036
1060,code4craft/webmagic,1036
1061,altercation/solarized,1035
1062,GeekyAnts/NativeBase,1035
1063,chriso/validator.js,1035
1064,valyala/fasthttp,1035
1065,aurelhubert/ahbottomnavigation,1035
1066,prakhar1989/docker-curriculum,1034
1067,JakeWharton/ViewPagerIndicator,1033
1068,plotly/plotly.js,1033
1069,FormidableLabs/spectacle,1033
1070,jasperproject/jasper-client,1032
1071,vczero/react-native-lesson,1031
1072,MrRio/jsPDF,1031
1073,Microsoft/Windows-universal-samples,1031
1074,udacity/Sunshine-Version-2,1030
1075,pydata/pandas,1029
1076,syedhali/EZAudio,1029
1077,thalesians/pythalesians,1028
1078,pili-engineering/PLDroidPlayer,1028
1079,yangyangwithgnu/use_vim_as_ide,1026
1080,hapijs/hapi,1026
1081,DrKLO/Telegram,1025
1082,CocoaLumberjack/CocoaLumberjack,1025
1083,dotnet/coreclr,1025
1084,WhisperSystems/Signal-Android,1024
1085,tombh/texttop,1024
1086,Qihoo360/DroidPlugin,1023
1087,chrisbanes/Android-PullToRefresh,1023
1088,stylelint/stylelint,1021
1089,oubowu/OuNews,1021
1090,alibaba/LuaViewSDK,1020
1091,HubSpot/tether,1020
1092,rnpm/rnpm,1020
1093,sfsheng0322/StickyHeaderListView,1019
1094,ascribe/image-match,1017
1095,alexanderGugel/ied,1017
1096,shelljs/shelljs,1016
1097,chrisjenx/Calligraphy,1016
1098,wycats/handlebars.js,1015
1099,ChenYilong/ParseSourceCodeStudy,1014
1100,carols10cents/rustlings,1014
1101,runner365/LiveVideoCoreSDK,1012
1102,stedolan/jq,1012
1103,lhorie/mithril.js,1012
1104,caskroom/homebrew-cask,1011
1105,phacility/phabricator,1010
1106,ArthurHub/Android-Image-Cropper,1010
1107,sindresorhus/ora,1009
1108,bmkmanoj/js-by-examples,1009
1109,uikit/uikit,1009
1110,philc/vimium,1008
1111,amfe/lib-flexible,1008
1112,HannahMitt/HomeMirror,1007
1113,dangdangdotcom/sharding-jdbc,1007
1114,Quick/Quick,1007
1115,awalGarg/cv-maker,1007
1116,pugjs/pug,1007
1117,rlidwka/sinopia,1005
1118,kadirahq/mantra,1004
1119,tj/commander.js,1004
1120,TTTAttributedLabel/TTTAttributedLabel,1004
1121,reddit/reddit,1004
1122,Cleveroad/CRParticleEffect,1003
1123,rengwuxian/RxJavaSamples,1003
1124,svg/svgo,1001
1125,deepstreamIO/golden-layout,1000
1126,ZhongTaoTian/LoveFreshBeen,1000
1127,perwendel/spark,998
1128,ramsaylanier/WordPressExpress,996
1129,hapijs/joi,995
1130,Kotlin/anko,995
1131,orhanobut/logger,994
1132,rapid7/metasploit-framework,994
1133,RetroPie/RetroPie-Setup,994
1134,ribot/android-boilerplate,994
1135,gatsbyjs/gatsby,992
1136,substack/node-browserify,992
1137,Yalantis/Horizon,992
1138,alexdrone/Render,992
1139,cutestrap/cutestrap,990
1140,singwhatiwanna/dynamic-load-apk,990
1141,bigardone/phoenix-trello,989
1142,arachnys/athenapdf,989
1143,florent37/MaterialViewPager,989
1144,wenzhixin/bootstrap-table,988
1145,evant/gradle-retrolambda,988
1146,louischatriot/nedb,986
1147,binux/pyspider,984
1148,cubiq/iscroll,983
1149,twitterdev/furni-ios,983
1150,gaearon/react-dnd,983
1151,twbs/bootstrap-sass,983
1152,samccone/The-cost-of-transpiling-es2015-in-2016,982
1153,ory-am/hydra,982
1154,facebook/xcbuild,981
1155,vdemedes/gifi,980
1156,brave/browser-android,979
1157,github/hub,979
1158,medyo/android-about-page,978
1159,etsy/statsd,978
1160,nfl/react-helmet,975
1161,alibaba/druid,975
1162,lihongxun945/jquery-weui,975
1163,tatsuhiro-t/aria2,975
1164,correll/Introduction-to-Autonomous-Robots,974
1165,ytakzk/Fusuma,973
1166,ripienaar/free-for-dev,973
1167,vulpino/jolteon,972
1168,electron/electron-api-demos,971
1169,WordPress/WordPress,971
1170,ibaaj/dijkstra-cartography,970
1171,DxTT/coolMenu,970
1172,reactjs/react-tutorial,969
1173,hashicorp/vault,968
1174,laravel/framework,968
1175,tj/n,968
1176,xmartlabs/XLPagerTabStrip,968
1177,nicolargo/glances,967
1178,jonathanslenders/pymux,967
1179,iridakos/duckrails,966
1180,buckket/twtxt,966
1181,MSOpenTech/redis,963
1182,benweet/stackedit,962
1183,kjw0612/awesome-rnn,961
1184,reenhanced/gitreflow,961
1185,mohebifar/lebab,961
1186,tmux/tmux,960
1187,somebee/imba,960
1188,happypoulp/redux-tutorial,960
1189,typcn/bilibili-mac-client,960
1190,WebAssembly/design,959
1191,txusballesteros/welcome-coordinator,959
1192,minio/minio,957
1193,este/este,955
1194,hotchemi/PermissionsDispatcher,955
1195,elliottminns/blackfish,954
1196,MaximAbramchuck/awesome-interviews,952
1197,foreverjs/forever,952
1198,otoolep/rqlite,951
1199,harvesthq/chosen,950
1200,aspnet/Home,949
1201,anishathalye/git-remote-dropbox,949
1202,google/cayley,948
1203,facebook/rocksdb,946
1204,Flipboard/FLAnimatedImage,945
1205,ParsePlatform/parse-server-example,945
1206,selectize/selectize.js,945
1207,jashkenas/coffeescript,944
1208,w446108264/XhsEmoticonsKeyboard,943
1209,ChenYilong/CYLTabBarController,941
1210,odoo/odoo,941
1211,docker/compose,940
1212,Yixiaohan/show-me-the-code,940
1213,openssl/openssl,939
1214,fatih/vim-go,939
1215,VerbalExpressions/PHPVerbalExpressions,938
1216,guzzle/guzzle,938
1217,sindresorhus/quick-look-plugins,937
1218,google/auto,937
1219,rach/pome,937
1220,snowdream/awesome-android,937
1221,brrd/Abricotine,936
1222,hishamhm/htop,936
1223,joealcorn/laboratory,935
1224,ConnorAtherton/loaders.css,935
1225,realm/realm-js,934
1226,fengyuanchen/cropper,933
1227,rhysd/NyaoVim,933
1228,derekparker/delve,933
1229,designmodo/Flat-UI,933
1230,marmelroy/Interpolate,932
1231,rasbt/python-machine-learning-book,932
1232,Miserlou/Zappa,931
1233,Bilibili/DanmakuFlameMaster,931
1234,Guikunzhi/BeautifyFaceDemo,931
1235,spotify/luigi,931
1236,mamedev/mame,930
1237,ruby-concurrency/concurrent-ruby,930
1238,nagadomi/waifu2x,929
1239,hyperoslo/ImagePicker,927
1240,giantray/stackoverflow-java-top-qa,927
1241,listen1/listen1_chrome_extension,926
1242,unicodeveloper/laravel-hackathon-starter,926
1243,koekeishiya/kwm,924
1244,bower/bower,924
1245,eternicode/bootstrap-datepicker,923
1246,bestswifter/MySampleCode,923
1247,matbeich/StickyCollectionView,923
1248,markets/awesome-ruby,923
1249,philackm/Scrollable-GraphView,922
1250,chrissimpkins/Hack,922
1251,versionpress/versionpress,922
1252,pouchdb/pouchdb,922
1253,rey5137/material,919
1254,graphql/graphql-js,918
1255,littlebee/git-time-machine,917
1256,elastic/kibana,917
1257,izzyleung/ZhihuDailyPurify,917
1258,karma-runner/karma,917
1259,FolioReader/FolioReaderKit,917
1260,me-abhinav/NumberMorphView,916
1261,NodeBB/NodeBB,916
1262,kud1ing/awesome-rust,916
1263,fabric/fabric,915
1264,arasatasaygin/is.js,914
1265,jwagner/smartcrop.js,913
1266,lipis/flag-icon-css,913
1267,jessicard/remote-jobs,910
1268,gotwarlost/istanbul,910
1269,dotnet/cli,910
1270,flarum/flarum,909
1271,alda-lang/alda,909
1272,deployphp/deployer,909
1273,walkor/Workerman,908
1274,winstonjs/winston,908
1275,Microsoft/BashOnWindows,906
1276,Ramotion/paper-onboarding-android,906
1277,iovisor/bcc,906
1278,acgotaku/BaiduExporter,906
1279,googlesamples/android-ndk,906
1280,Finb/V2ex-Swift,904
1281,Khan/aphrodite,904
1282,jobbole/awesome-javascript-cn,904
1283,pingcap/tidb,904
1284,Yalantis/pull-to-make-soup,903
1285,ujjwalkarn/Machine-Learning-Tutorials,903
1286,ChrisRM/material-theme-jetbrains,902
1287,Yalantis/DisplaySwitcher,902
1288,liaohuqiu/android-support-23.2-sample,901
1289,sockeqwe/mosby,901
1290,martinkirsche/wired-logic,901
1291,VictorBjelkholm/trymodule,901
1292,twitter/twemoji,900
1293,tuvistavie/atomic-chrome,900
1294,tomchristie/django-rest-framework,899
1295,ethereum/go-ethereum,899
1296,shaps80/Peek,898
1297,hawx1993/Front-end-Interview-questions,898
1298,rwaldron/idiomatic.js,898
1299,codrops/Animocons,898
1300,mybatis/mybatis-3,897
1301,square/dagger,896
1302,nodemailer/nodemailer,895
1303,bizz84/SwiftyStoreKit,895
1304,yuantiku/YTKNetwork,894
1305,gionkunz/chartist-js,893
1306,flickr/justified-layout,893
1307,Raizlabs/DBFlow,892
1308,sentsin/layer,892
1309,google/deepdream,891
1310,SocketCluster/socketcluster,891
1311,KaimingHe/deep-residual-networks,891
1312,sitespeedio/coach,890
1313,jfeinstein10/SlidingMenu,889
1314,looterz/grimd,887
1315,maxogden/art-of-node,887
1316,gnachman/iTerm2,886
1317,Bash-it/bash-it,886
1318,swoole/swoole-src,886
1319,dmilicic/Android-Clean-Boilerplate,886
1320,jgthms/lavalamp.js,885
1321,MichMich/MagicMirror,884
1322,secgroundzero/warberry,884
1323,linagora/hublin,883
1324,src-d/go-git,883
1325,handsontable/handsontable,883
1326,ncw/rclone,882
1327,react-toolbox/react-toolbox,882
1328,JakeWharton/u2020,880
1329,81813780/AVLoadingIndicatorView,880
1330,P-H-C/phc-winner-argon2,879
1331,unbug/codelf,879
1332,rbenv/rbenv,879
1333,NVIDIA/nvidia-docker,879
1334,superpowers/superpowers,877
1335,playframework/playframework,877
1336,bbatsov/rubocop,876
1337,lmatteis/peer-tweet,875
1338,scrooloose/syntastic,875
1339,ChristosChristofidis/awesome-deep-learning,874
1340,jessepollak/command,873
1341,ellisonleao/sharer.js,873
1342,AngularClass/awesome-angular2,873
1343,skylot/jadx,873
1344,certbot/certbot,872
1345,zenorocha/dracula-theme,871
1346,Jack000/SVGnest,871
1347,motianhuo/wechat,871
1348,WechatFE/vConsole,870
1349,das-labor/panopticon,870
1350,powerline/powerline,869
1351,wilsonpage/fastdom,868
1352,CtripMobile/DynamicAPK,867
1353,julycoding/The-Art-Of-Programming-By-July,867
1354,PureLayout/PureLayout,867
1355,MortimerGoro/MGSwipeTableCell,867
1356,P0cL4bs/WiFi-Pumpkin,866
1357,janpaepke/ScrollMagic,865
1358,umano/AndroidSlidingUpPanel,865
1359,coolnameismy/BabyBluetooth,864
1360,probonopd/AppImageKit,864
1361,wagerfield/parallax,864
1362,nightwatchjs/nightwatch,864
1363,Marswin/MarsDaemon,864
1364,taion/rrtr,864
1365,danielmiessler/SecLists,863
1366,hangtwenty/dive-into-machine-learning,863
1367,gleitz/howdoi,860
1368,Valve/fingerprintjs2,858
1369,Zepo/MLeaksFinder,858
1370,alibaba/macaca,858
1371,scup/atellier,857
1372,knsv/mermaid,857
1373,auth0/node-jsonwebtoken,857
1374,turbolinks/turbolinks,857
1375,Wolg/awesome-swift,857
1376,yuche/vue-strap,857
1377,kymjs/RxVolley,856
1378,Teamweek/instadate,856
1379,lecho/hellocharts-android,855
1380,wesm/feather,855
1381,thomaspark/bootswatch,855
1382,dimsemenov/Magnific-Popup,855
1383,jinzhu/gorm,855
1384,phodal/github-roam,855
1385,tachyons-css/tachyons,854
1386,vuejs/vue-router,854
1387,tymondesigns/jwt-auth,853
1388,openthread/openthread,853
1389,jmdugan/blocklists,852
1390,nickoneill/PermissionScope,852
1391,judasn/IntelliJ-IDEA-Tutorial,850
1392,glomadrian/RoadRunner,850
1393,akveo/ng2-admin,850
1394,CamDavidsonPilon/Probabilistic-Programming-and-Bayesian-Methods-for-Hackers,850
1395,maoruibin/TranslateApp,850
1396,kilimchoi/engineering-blogs,849
1397,nginx/nginx,848
1398,mac-cain13/R.swift,848
1399,meolu/walle-web,847
1400,angular-fullstack/generator-angular-fullstack,847
1401,litten/hexo-theme-yilia,847
1402,gajus/react-css-modules,847
1403,aerofs/react-native-auto-updater,847
1404,dgraph-io/dgraph,846
1405,forkingdog/FDFullscreenPopGesture,846
1406,trello/RxLifecycle,845
1407,d3/d3,845
1408,ericclemmons/npm-install-webpack-plugin,845
1409,acdlite/recompose,844
1410,roots/sage,843
1411,restify/node-restify,842
1412,rakyll/gom,841
1413,tpope/vim-pathogen,841
1414,thinkgem/jeesite,841
1415,summernote/summernote,840
1416,rswier/c4,839
1417,leanote/leanote,839
1418,PerfDotNet/BenchmarkDotNet,838
1419,icanzilb/JSONModel,838
1420,strongloop/express,837
1421,badoualy/morphy-toolbar,837
1422,kyleduo/SwitchButton,837
1423,googlesamples/android-testing,837
1424,Neilpang/le,836
1425,substack/tape,835
1426,elastic/logstash,835
1427,mutualmobile/MMDrawerController,834
1428,ybq/Android-SpinKit,833
1429,apidoc/apidoc,833
1430,cyclejs/cycle-core,833
1431,ashleymills/Reachability.swift,833
1432,asvd/microlight,832
1433,apache/kafka,832
1434,pcqpcq/open-source-android-apps,832
1435,mishoo/UglifyJS2,831
1436,seajs/seajs,831
1437,krasimir/cssx,830
1438,nsqio/nsq,830
1439,scrooloose/nerdtree,830
1440,ChenYilong/iOS9AdaptationTips,829
1441,alibaba/RocketMQ,829
1442,vuejs/vue-resource,829
1443,mikepenz/FastAdapter,827
1444,fastlane/screengrab,827
1445,lzyzsd/JsBridge,827
1446,ngrx/store,827
1447,lra/mackup,826
1448,rauchg/slackin,825
1449,niklasvh/html2canvas,825
1450,acdlite/redux-actions,824
1451,greensock/GreenSock-JS,824
1452,twbs/ratchet,824
1453,SkillCollege/SimplifyReader,824
1454,jed/lave,823
1455,Microsoft/react-native-code-push,822
1456,adobe-webplatform/Snap.svg,822
1457,tgriesser/knex,822
1458,erming/shout,821
1459,inkle/ink,820
1460,machinezone/tcpkali,820
1461,shadowsocks/shadowsocks-libev,820
1462,lewis617/react-redux-tutorial,820
1463,mozilla/rr,820
1464,JakeLin/SwiftWeather,819
1465,borgbackup/borg,818
1466,3lvis/Networking,818
1467,sindresorhus/refined-github,818
1468,yahoo/react-intl,817
1469,CachetHQ/Cachet,817
1470,ninjaprox/NVActivityIndicatorView,816
1471,less/less.js,815
1472,delba/JASON,815
1473,mpociot/whiteboard,814
1474,j-delaney/easy-application,814
1475,Swiip/generator-gulp-angular,813
1476,AntBranch/awesome-github,813
1477,browserhtml/browserhtml,813
1478,kaishin/Gifu,813
1479,docker/kitematic,813
1480,chriskempson/tomorrow-theme,813
1481,bradfrost/frontend-guidelines-questionnaire,813
1482,CodeSeven/toastr,811
1483,facebook/infer,811
1484,xiepeijie/SwipeCardView,809
1485,qrohlf/trianglify,809
1486,shadowsocks/shadowsocks-iOS,808
1487,jonan/ForkHub,807
1488,google/brotli,807
1489,lapism/SearchView,807
1490,dangdangdotcom/dubbox,807
1491,android-cn/android-open-project-analysis,807
1492,xinthink/react-native-material-kit,806
1493,mbadolato/iTerm2-Color-Schemes,806
1494,nfarina/homebridge,806
1495,facebook/jest,805
1496,diafygi/acme-tiny,805
1497,mcxiaoke/android-volley,805
1498,lelandrichardson/react-native-maps,804
1499,andrewngu/sound-redux,803
1500,uber-common/react-vis,802
1501,vmware/harbor,802
1502,mitmproxy/mitmproxy,802
1503,pierrre/imageserver,802
1504,vuejs/vue-cli,802
1505,owocki/pytrader,802
1506,mozilla/localForage,801
1507,BuoyantIO/linkerd,801
1508,LibreVR/Revive,801
1509,codrops/SeatPreview,800
1510,mpv-player/mpv,800
1511,trueadm/inferno,800
1512,allegro/bigcache,799
1513,jfrazelle/dockerfiles,799
1514,Automattic/kue,798
1515,tubie/JFQiXin,798
1516,Codeido/PMAlertController,798
1517,cyclejs/core,797
1518,AlexTatiyants/pev,797
1519,swagger-api/swagger-codegen,796
1520,cnodejs/nodeclub,796
1521,dsxNiubility/SXNews,796
1522,openresty/lua-nginx-module,795
1523,winterbe/java8-tutorial,795
1524,iBotPeaches/Apktool,795
1525,koral--/android-gif-drawable,795
1526,SBoudrias/Inquirer.js,795
1527,sivel/speedtest-cli,795
1528,crystal-lang/crystal,794
1529,ReactiveX/RxJS,793
1530,basecamp/trix,793
1531,CEWendel/SWTableViewCell,792
1532,facebook/graphql,791
1533,gzu-liyujiang/AndroidPicker,791
1534,mgp25/Chat-API,790
1535,chiraggude/awesome-laravel,790
1536,matthieua/WOW,790
1537,JuanitoFatas/what-do-you-call-this-in-ruby,790
1538,revel/revel,790
1539,yuxingxin/RxJava-Essentials-CN,789
1540,jenkinsci/blueocean-plugin,789
1541,larsbrinkhoff/awesome-cpus,788
1542,krzyzanowskim/CryptoSwift,788
1543,robb/Cartography,787
1544,panteng/wechat-h5-boilerplate,787
1545,lexrus/LTMorphingLabel,787
1546,bboyairwreck/PieMessage,786
1547,jmcunningham/AngularJS-Learning,786
1548,akka/akka,785
1549,antonym/netboot.xyz,784
1550,zenorocha/alfred-workflows,784
1551,aFarkas/lazysizes,784
1552,janl/mustache.js,784
1553,laktak/hjson,783
1554,guysoft/FullPageOS,783
1555,Eonasdan/bootstrap-datetimepicker,783
1556,kanflo/aaduino,782
1557,google/guice,782
1558,thoughtbot/scenic,782
1559,drakeet/Meizhi,781
1560,crossroadlabs/Express,781
1561,hanami/hanami,781
1562,zealdocs/zeal,781
1563,audiokit/AudioKit,779
1564,google/vrview,779
1565,asLody/TurboDex,779
1566,facebook/osquery,779
1567,Microsoft/code-push,778
1568,tmpvar/jsdom,778
1569,kangax/fabric.js,778
1570,ikew0ng/SwipeBackLayout,778
1571,openzipkin/zipkin,777
1572,audreyr/cookiecutter,777
1573,VerbalExpressions/JavaVerbalExpressions,776
1574,rubensousa/FloatingToolbar,776
1575,micropython/micropython,776
1576,aspnet/EntityFramework,776
1577,waruqi/tbox,775
1578,codrops/DistortedButtonEffects,775
1579,JakeWharton/hugo,775
1580,visualfc/goqt,775
1581,rosarior/awesome-django,774
1582,tmallfe/tmallfe.github.io,774
1583,shwenzhang/AndResGuard,774
1584,mattboldt/typed.js,774
1585,dangrossman/bootstrap-daterangepicker,773
1586,gitbucket/gitbucket,773
1587,chocolatey/choco,772
1588,dmvaldman/samsara,772
1589,blei-lab/edward,770
1590,octobercms/october,770
1591,evilsocket/bettercap,768
1592,Coding/Coding-iOS,767
1593,nlohmann/json,767
1594,saiwu-bigkoo/Android-ConvenientBanner,767
1595,marcuswestin/store.js,766
1596,elierotenberg/react-armor,766
1597,NetEase/pomelo,766
1598,ericdouglas/ES6-Learning,766
1599,go-lang-plugin-org/go-lang-idea-plugin,765
1600,wyouflf/xUtils,765
1601,SwiftyBeaver/SwiftyBeaver,765
1602,angular/protractor,764
1603,pjreddie/darknet,762
1604,Nightonke/CoCoin,762
1605,playdeadgames/temporal,762
1606,NodeOS/NodeOS,761
1607,STRML/react-grid-layout,761
1608,syrusakbary/gdom,760
1609,paralect/robomongo,760
1610,googollee/eviltransform,760
1611,JStumpp/awesome-android,759
1612,Unknwon/the-way-to-go_ZH_CN,759
1613,jpillora/overseer,759
1614,raulriera/TextFieldEffects,758
1615,Creatide/AnimateMate,758
1616,square/sqldelight,758
1617,JuliaLang/julia,758
1618,benoitvallon/react-native-nw-react-calculator,758
1619,iamaziz/PyDataset,757
1620,ButchersBoy/MaterialDesignInXamlToolkit,757
1621,ogaclejapan/SmartTabLayout,757
1622,marmelroy/FileBrowser,756
1623,jdsutton/Technical-Interview-Megarepo,756
1624,visionmedia/supertest,756
1625,reactjs/react-rails,756
1626,andyxialm/SmoothCheckBox,755
1627,vasanthk/css-refresher-notes,755
1628,apollostack/apollo,755
1629,mnielsen/neural-networks-and-deep-learning,755
1630,facebook/Shimmer,755
1631,Shopify/dashing,754
1632,mcxiaoke/packer-ng-plugin,754
1633,NaturalNode/natural,754
1634,gabrielbull/react-desktop,754
1635,lauris/awesome-scala,753
1636,joelpx/reverse,753
1637,zyqf/DNS,753
1638,openhab/openhab,753
1639,Khan/SwiftTweaks,753
1640,lektor/lektor,753
1641,mntmn/amiga2000-gfxcard,753
1642,500px/greedo-layout-for-ios,753
1643,officert/mongotron,752
1644,Lucifier129/react-lite,752
1645,gravitational/teleport,751
1646,fdansv/marginotes,751
1647,stamparm/maltrail,750
1648,nswbmw/N-blog,750
1649,maxogden/menubar,749
1650,radare/radare2,749
1651,android/platform_frameworks_base,748
1652,uber-go/zap,748
1653,race604/ZhiHuDaily-React-Native,748
1654,arut/nginx-rtmp-module,748
1655,s3git/s3git,748
1656,owncloud/core,747
1657,azer/left-pad,746
1658,bokeh/bokeh,746
1659,rse/es6-features,746
1660,Meetic/Shuffle,745
1661,Automattic/_s,745
1662,Haneke/HanekeSwift,745
1663,AlloyTeam/Mars,744
1664,ibireme/YYModel,744
1665,ouvens/frontend-system-map,743
1666,jiang111/awesome-android-tips,742
1667,gliderlabs/docker-alpine,742
1668,jimon/osx_app_in_plain_c,742
1669,lavabit/magma,742
1670,PowerShell/Win32-OpenSSH,741
1671,appium/appium,741
1672,chentsulin/awesome-graphql,741
1673,NodeRedis/node_redis,741
1674,cyfdecyf/cow,741
1675,ciar4n/imagehover.css,740
1676,macvim-dev/macvim,740
1677,zwaldowski/BlocksKit,740
1678,insin/nwb,739
1679,date-fns/date-fns,739
1680,airbnb/css,739
1681,arduino/Arduino,738
1682,awslabs/aws-shell,738
1683,matmartinez/MMNumberKeyboard,737
1684,romaonthego/RESideMenu,737
1685,nodejitsu/node-http-proxy,737
1686,joanbruna/stat212b,737
1687,balloob/home-assistant,736
1688,humiaozuzu/awesome-flask,736
1689,alorma/TimelineView,736
1690,Rogero0o/GifLoadingView,736
1691,jsdoc3/jsdoc,736
1692,facebook/hhvm,736
1693,pedant/sweet-alert-dialog,735
1694,google/cadvisor,734
1695,mfornos/awesome-microservices,734
1696,valor-software/ng2-bootstrap,734
1697,lagom/lagom,734
1698,mozilla/firefox-ios,734
1699,vigetlabs/gulp-starter,733
1700,gnab/remark,733
1701,jasonross/Nuwa,733
1702,Laverna/laverna,732
1703,ShareX/ShareX,732
1704,haoel/leetcode,731
1705,KhronosGroup/Vulkan-Docs,731
1706,metabase/metabase,731
1707,alibaba/dexposed,730
1708,ipselon/structor,729
1709,jordansissel/fpm,729
1710,coreybutler/nvm-windows,729
1711,thank-you-github/thank-you-github,729
1712,aui/artTemplate,728
1713,indexzero/http-server,728
1714,Flipboard/FLEX,728
1715,PMSI-AlignAlytics/dimple,727
1716,reactuate/reactuate,727
1717,BlackrockDigital/startbootstrap-sb-admin-2,727
1718,txusballesteros/sliding-deck,726
1719,joshwcomeau/react-flip-move,726
1720,mattt/Surge,726
1721,phalcon/cphalcon,725
1722,orfjackal/retrolambda,724
1723,devxoul/URLNavigator,724
1724,DevLight-Mobile-Agency/NavigationTabStrip,724
1725,krschultz/android-proguard-snippets,724
1726,CodisLabs/codis,724
1727,python/cpython,723
1728,FaridSafi/react-native-gifted-messenger,722
1729,callmecavs/layzr.js,722
1730,slimphp/Slim,722
1731,yixia/VitamioBundle,721
1732,forward3d/uphold,721
1733,kivy/kivy,721
1734,ahangchen/How-to-Be-A-Programmer-CN,721
1735,Skykai521/ECTranslation,721
1736,jonathanslenders/python-prompt-toolkit,720
1737,piwik/piwik,720
1738,Piasy/RxAndroidAudio,719
1739,spree/spree,719
1740,square/sqlbrite,719
1741,tmuxinator/tmuxinator,718
1742,daimajia/AndroidImageSlider,718
1743,jlund/streisand,718
1744,ValveSoftware/openvr,717
1745,h6ah4i/android-advancedrecyclerview,717
1746,soulmachine/leetcode,717
1747,tangqiaoboy/iOSBlogCN,717
1748,celrenheit/lion,717
1749,JustZak/DilatingDotsProgressBar,716
1750,jspm/jspm-cli,715
1751,julienschmidt/httprouter,715
1752,kciter/awesome-style-guide,715
1753,jacomyal/sigma.js,715
1754,digitalocean/doctl,714
1755,youngsoft/MyLinearLayout,714
1756,thejameskyle/babel-react-optimize,713
1757,choonkending/react-webpack-node,713
1758,nst/iOS-Runtime-Headers,713
1759,php-fig/fig-standards,713
1760,Microsoft/Pyjion,713
1761,we-are-next/cssco,712
1762,steipete/Aspects,712
1763,eligrey/FileSaver.js,711
1764,Sirupsen/logrus,711
1765,ruijun/Android-Dev-Favorites,711
1766,apenwarr/sshuttle,711
1767,youtube/doorman,710
1768,JakeWharton/timber,710
1769,ctrlpvim/ctrlp.vim,710
1770,liuzhiyi1992/ZYThumbnailTableView,710
1771,tpope/vim-fugitive,709
1772,TailorDev/monod,709
1773,facebook/watchman,709
1774,hanks-zyh/HTextView,708
1775,zythum/mama2,708
1776,ansible/ansible-examples,708
1777,pingcap/tikv,708
1778,robbiehanson/XMPPFramework,707
1779,erikras/ducks-modular-redux,706
1780,michaeltyson/TPKeyboardAvoiding,706
1781,xamarin/Xamarin.Forms,706
1782,JalaliLabUCLA/Image-feature-detection-using-Phase-Stretch-Transform,706
1783,GIGAMOLE/ArcProgressStackView,706
1784,spf13/cobra,706
1785,mzule/ActivityRouter,705
1786,hashicorp/otto,705
1787,SirCmpwn/sway,705
1788,amaboura/panama-papers-dataset-2016,705
1789,Intervention/image,705
1790,mgonto/restangular,705
1791,leecade/react-native-swiper,704
1792,arvida/emoji-cheat-sheet.com,704
1793,lexborisov/myhtml,703
1794,joeyh/github-backup,703
1795,facebook/fixed-data-table,703
1796,andrewgodwin/channels,703
1797,amlcurran/ShowcaseView,702
1798,osrg/gobgp,702
1799,ben-manes/caffeine,702
1800,lendylongli/qianghongbao,702
1801,Zizaco/entrust,702
1802,memcached/memcached,701
1803,leachim6/hello-world,701
1804,szynszyliszys/repaintless,701
1805,paperjs/paper.js,701
1806,mission-peace/interview,700
1807,muicss/mui,700
1808,MasayukiSuda/EasingInterpolator,699
1809,vektorlab/slackcat,699
1810,IFTTT/JazzHands,699
1811,chalk/chalk,699
1812,sindresorhus/anatine,699
1813,benoitvallon/computer-science-in-javascript,698
1814,jaredpalmer/react-production-starter,698
1815,realm/jazzy,698
1816,capistrano/capistrano,698
1817,michaelvillar/dynamics.js,697
1818,lelylan/lelylan,697
1819,aspnet/Mvc,697
1820,pudo/dataset,696
1821,metalsmith/metalsmith,695
1822,os-js/OS.js,694
1823,markerikson/redux-ecosystem-links,694
1824,jd-alexander/LikeButton,694
1825,processing/p5.js,693
1826,react-native-material-design/react-native-material-design,692
1827,goldfire/howler.js,692
1828,dbushell/Pikaday,691
1829,OpenRA/OpenRA,691
1830,leveros/leveros,691
1831,opengapps/opengapps,690
1832,cesarferreira/dryrun,690
1833,adrai/flowchart.js,690
1834,gruntjs/grunt,689
1835,scrapinghub/portia,689
1836,apiaryio/api-blueprint,689
1837,imakewebthings/waypoints,688
1838,yigit/android-priority-jobqueue,688
1839,utom/sketch-measure,688
1840,nodemcu/nodemcu-firmware,688
1841,venmo/synx,688
1842,peterramsing/lost,688
1843,stympy/faker,688
1844,google/j2objc,688
1845,notepad-plus-plus/notepad-plus-plus,688
1846,jgilfelt/SystemBarTint,688
1847,quilljs/quill,688
1848,GcsSloop/AndroidNote,687
1849,clojure/clojurescript,687
1850,daylerees/colour-schemes,686
1851,tgalal/yowsup,686
1852,qyuhen/book,686
1853,stephencelis/SQLite.swift,686
1854,Urinx/WeixinBot,685
1855,andreis/interview,685
1856,yeoman/generator-angular,685
1857,mobile-shell/mosh,683
1858,astuetz/PagerSlidingTabStrip,683
1859,toml-lang/toml,683
1860,brentvatne/react-native-scrollable-tab-view,683
1861,Frege/frege,683
1862,Trinea/android-common,682
1863,yahoo/CaffeOnSpark,682
1864,xhzengAIB/MessageDisplayKit,682
1865,google/physical-web,681
1866,elastic/beats,681
1867,novus/nvd3,681
1868,bevacqua/shots,680
1869,Netflix/SimianArmy,680
1870,ivacf/archi,680
1871,nlintz/TensorFlow-Tutorials,680
1872,geeeeeeeeek/git-recipes,680
1873,HugoGiraudel/SJSJ,680
1874,wangshengjia/LeeGo,679
1875,ninjinkun/NJKWebViewProgress,679
1876,coreos/rkt,679
1877,LMAX-Exchange/disruptor,679
1878,electron-userland/electron-packager,678
1879,naver/pinpoint,678
1880,YoKeyword/Fragmentation,678
1881,barryvdh/laravel-debugbar,678
1882,thoughtbot/bourbon,678
1883,lightSky/Awesome-MaterialDesign,678
1884,Hitomis/HitBlockRefresh,677
1885,matplotlib/matplotlib,677
1886,Ramotion/preview-transition,677
1887,futuresimple/android-floating-action-button,676
1888,mkdocs/mkdocs,676
1889,fogleman/Craft,676
1890,Wl201314/MJianshu,676
1891,docker/distribution,675
1892,wenmingvs/WeiBo,675
1893,rengwuxian/MaterialEditText,675
1894,RedHatBrand/overpass,674
1895,gollum/gollum,674
1896,mockito/mockito,674
1897,facebook/proxygen,673
1898,sudeepag/SAConfettiView,673
1899,qor/qor,673
1900,visionmedia/page.js,672
1901,fex-team/webuploader,672
1902,Pixplicity/sharp,672
1903,xetorthio/jedis,672
1904,360Controller/360Controller,671
1905,Shopify/liquid,671
1906,ethereum/mist,671
1907,nixzhu/dev-blog,670
1908,Juude/Awesome-Android-Architecture,670
1909,lijin-THU/notes-python,670
1910,saiwu-bigkoo/Android-PickerView,670
1911,jarlen/PhotoEditDemo,670
1912,johnno1962/Refactorator,669
1913,jobbole/awesome-wechat-dev-posts-2015,669
1914,influxdata/telegraf,669
1915,pandao/editor.md,669
1916,codekitchen/dinghy,669
1917,robertdavidgraham/masscan,669
1918,MatthewYork/DateTools,668
1919,thoughtbot/guides,668
1920,petehunt/react-roadmap,668
1921,ziahamza/webui-aria2,668
1922,uglide/RedisDesktopManager,668
1923,gentilkiwi/mimikatz,668
1924,cooltechworks/ScratchView,668
1925,rupa/z,667
1926,pockethub/PocketHub,667
1927,aseprite/aseprite,667
1928,facebook/react-devtools,667
1929,dnschneid/crouton,667
1930,stylus/stylus,666
1931,variadico/noti,666
1932,Nightonke/BlurLockView,665
1933,EnterpriseQualityCoding/FizzBuzzEnterpriseEdition,665
1934,jscs-dev/node-jscs,665
1935,VictorAlbertos/RxCache,664
1936,hitherejoe/Bourbon,664
1937,Lloydaaa/Googl-Library-PHP,664
1938,pxb1988/dex2jar,663
1939,java-decompiler/jd-gui,663
1940,codegangsta/cli,663
1941,Seldaek/monolog,662
1942,datasciencemasters/go,662
1943,pi-hole/pi-hole,662
1944,barryclark/jekyll-now,662
1945,GoogleChrome/sw-toolbox,662
1946,wenmingvs/NotifyUtil,661
1947,chjj/blessed,661
1948,AlDanial/cloc,660
1949,facebook/chisel,660
1950,H07000223/FlycoTabLayout,659
1951,nimia/public_drown_scanner,659
1952,100apps/openshare,659
1953,Rogero0o/CatLoadingView,659
1954,lucasr/twoway-view,658
1955,elm-lang/elm-compiler,658
1956,andriussev/timelined,658
1957,NextStepWebs/simplemde-markdown-editor,658
1958,carlbutron/Swift,657
1959,googlesamples/google-services,657
1960,angular/universal,657
1961,omcljs/om,656
1962,gophergala2016/goad,656
1963,bitemyapp/learnhaskell,656
1964,InfyOmLabs/laravel-generator,656
1965,celery/celery,656
1966,XXApple/AndroidLibs,656
1967,munificent/wren,656
1968,iron/iron,655
1969,rustbridge/helix,655
1970,haifengl/smile,655
1971,highcharts/highcharts,655
1972,tools/godep,655
1973,vuejs/vue-hackernews,654
1974,graphitemaster/moreram,654
1975,JoelBesada/activate-power-mode,654
1976,joeldev/JLRoutes,653
1977,websockets/ws,653
1978,nltk/nltk,653
1979,ReactiveX/rxjs,653
1980,EvilCult/Video-Downloader,652
1981,chinchang/superplaceholder.js,652
1982,yidao620c/python3-cookbook,652
1983,oxidane/tmuxomatic,652
1984,Lasagne/Lasagne,652
1985,LightTable/LightTable,652
1986,ribot/ribot-app-android,651
1987,liriliri/eruda,651
1988,Nyr/openvpn-install,651
1989,PalmerAL/min,651
1990,miguel-perez/smoothState.js,650
1991,locustio/locust,650
1992,erlang/otp,650
1993,go-martini/martini,650
1994,atemerev/skynet,649
1995,stephentuso/welcome-android,649
1996,python-telegram-bot/python-telegram-bot,649
1997,reactjs/core-notes,649
1998,naman14/Timber,648
1999,koistya/react-static-boilerplate,648
